{"cameraMode":{"drawMode":0,"name":"Shaded","section":"Shading Mode"},"sceneLighting":true,"audioPlay":false,"sceneViewState":{"showFog":true,"showMaterialUpdate":false,"showSkybox":true,"showFlares":true,"showImageEffects":true,"showParticleSystems":true},"in2DMode":false,"pivot":{"x":-18.056018829345704,"y":-0.8526897430419922,"z":4.502354145050049},"rotation":{"x":0.04240838438272476,"y":-0.6063098907470703,"z":0.03240656480193138,"w":0.7934361696243286},"size":10.0,"orthographic":false}